title,source
Iznajmljivanje ventilatora na vodu,oglasi_podaci
Transport Kombi,oglasi_podaci
Sup daske,oglasi_podaci
Iznajmljivanje automobila za dostavu ili licnu upotrebu,oglasi_podaci
🥂Barski stolovi i stolice – Napravite zonu za uživanje🥂,oglasi_podaci
STIHL BT 360 – busac rupa – izdavanje,oglasi_podaci
"Frigo Mehanika USLUGA SERVIS , Elektronika",oglasi_podaci
Iznajmi haljinu,oglasi_podaci
"Kranzle B 270 T – Profesionalni perač, puromat 270 bar",oglasi_podaci
Rent a car Opel Corsa,oglasi_podaci
Dnevni i mesecni najam vozila,oglasi_podaci
Iznajmi agregat 30 kw,oglasi_podaci
Tepih Servis „SJAJmax“Dubinsko pranje namestaja i vozila,oglasi_podaci
Vibro zaba Wacker Neuson BS 60 4S – izdavanje rentiranje,oglasi_podaci
Iznajmljujem kombi 8+1,oglasi_podaci
Sto i stolice,oglasi_podaci
Pagode za izdavanje,oglasi_podaci
"Iznajmljivanje,otkup,prodaja svih vrsta stripova",oglasi_podaci
HILTI VC 40 usisivac – izdavanje,oglasi_podaci
Iznajmljujem hladnjace povoljno,oglasi_podaci
Prevoz Putnika i Robe – Pouzdan Prevoz i Dostava Stvari,oglasi_podaci
Štampači A4 I A3,oglasi_podaci
Hilti TE 3000 AVR – izdavanje,oglasi_podaci
VIP TRANSFERI,oglasi_podaci
Hilti TE 2000 AVR – izdavanje,oglasi_podaci
BIOPTRON by Zepter,oglasi_podaci
Dvorac na naduvavanje i bubbl,oglasi_podaci
Hilti TE 1500 AVR – izdavanje,oglasi_podaci
Usluge Transporta,oglasi_podaci
Hilti TE 1000 AVR – izdavanje,oglasi_podaci
Hilti TE 700 AVR – izdavanje,oglasi_podaci
Hilti TE 800 AVR – izdavanje,oglasi_podaci
Iznajmljivanje kamiona sa rukom-kranom (HIAB),oglasi_podaci
Iznajmljivanje telehendera Beograd 14m viljuskar,oglasi_podaci
"Atlas Copco BG 375 - Helikopter za beton - najam, izdavanje",swappko
"Građevinska šinska dizalica – najam, izdavanje",swappko
Cevi za spustanje suta -levak za sut - izdavanje,swappko
Wacker Neuson GV 2500 - agregat 3.6 kw - izdavanje,swappko
Atlas Copco 8000T - agregat 8 kw - izdavanje,swappko
"Industrijski ventilator za hale, magacine Master BC 341",swappko
"Industrijski ventilator za hale, magacine Master BC 221",swappko
STIHL BT 360 - busac rupa - izdavanje,swappko
Stan na dan Beograd | Autokomanda,swappko
Iznajmljivanje Ventilatora Beograd,swappko
"Fasaderska skela - najam, izdavanje",swappko
Pokretna aluminijumska skela 10m - Najam izdavanje renta,swappko
Gipsarska skela Layher STARO 7000 - Najam izdavanje,swappko
Vibro ploca - Wacker DPU 3760 - izdavanje,swappko
Vibro ploca - Wacker DPU 3050 - izdavanje,swappko
Vibro ploca - Wacker WP 1550 - izdavanje,swappko
Iznajmljivanje šlepera DAF- nosivost 25t kamionski prevoz,swappko
Najam Autodizalica- mobilni kran 60t Liepherr iznajmljivanje,swappko
Iznajmljivanje telehendlera Beograd 14m viljuskar,swappko
Kamion sa rukom-kranom dizalicom iznajmljivanje,swappko
Mesalica 350 litara - izdavanje,swappko
Renault Trafic 8+1,swappko
Nissan Qashqai od 30€ dnevno,swappko
Scarpa Mont Blanc Pro zenske cipele broj 40,swappko
Izdavanje barskih stolova,swappko
Atlas Copco XAS 27/Kompresor/najam,swappko
Rentiranje bagera i utovrarivaca,swappko
Corset za iznajmiti,swappko
Haljine za iznajmiti,swappko
Mesalica 190l - izdavanje,swappko
Građevinski podupirači 2-3.6m - najam,swappko
Građevinski podupirači 1-1.8m - najam,swappko
Karcher Puzzi 10/1 - dubinsko pranje - izdavanje,swappko
Karcher 6/15 - perac pod visokim pritiskom - izdavanje,swappko
FLEX WST 700 + Hilti VC 40 usisivač + FLEX GM 340 – izdavanje,swappko
FLEX WST 700 VV - žirafa /najam,swappko
Pagode Paviljoni Stolovi Stolice,swappko
Hilti TE 3000 AVR - izdavanje,swappko
Hilti TE 1500 AVR - izdavanje,swappko
Hilti TE 1000 AVR - izdavanje,swappko
Hilti TE 800 AVR - izdavanje,swappko
JBL Partybox 720 - iznajmljivanje,swappko
Najam/Iznajmljivanje mini bagera do 3800kg,swappko
Najam/iznajmljivanje motorne testere za drva,swappko
Najam/iznajmljivanje benzinske samohodne kosilice,swappko
Najam/iznajmljivanje motornog trimera za travu,swappko
Najam/iznajmljivanje bušilice za zemlju,swappko
Najam/iznajmljivanje vibro ploče do 250kg,swappko
Iznajmi Zvucnik Sony Mhc-v73D,swappko
Najam/iznajmljivanje monofaznog agregata 7kVA,swappko
Najam/iznajmljivanje vibro žabe do 70kg,swappko
Najam/iznajmljivanje podnog sekača betona i asfalta,swappko
Najam/iznajmljivanje helikoptera za beton 900mm,swappko
Najam/iznajmljivanje tandem vibro valjka do 1700kg,swappko
Najam/iznajmljivanje vibro ploče do 500kg,swappko
Najam/iznajmljivanje alata i mašina - TENGE RENT,swappko
Kuhinjska jedinica za kampovanje,swappko
Sklopivi sto za kampovanje i 4 stolice,swappko
Sony XP500 i Sony XV500 bluetooth zvucnici,swappko
Salon venčanica- Wedding studio N,swappko
Iznajmljivanje satora za proslave,swappko
Barski stolovi,swappko
IZNAJMLJIVANJE HLADNJAČA BEOGRAD,swappko
Karcher puzzi 10/1 DUBINSKO PRANJE,swappko
Mašina za krečenje Airless mašina,swappko
Izdavanje Prikolica sa ceradom 231x131x119cm,swappko
JBL PartyBox 520 - portabilni zvučnik za iznajmljivanje,swappko
Prevoz putnika / Transferi / Limo servis / Kombi prevoz Niš,swappko
Rent a Car Niš / Iznajmljivanje vozila Nis,swappko
Бродић Елена,swappko
Mašina za dubinsko Fantom Robotix CC 6300,swappko
Benzinski trimer Villager BC 1250 S,swappko
Profesionalni sušač vazduha Trotec TTK 350 S,swappko
Set za isušivanje vlage,swappko
Pokretna skela,swappko
Hilti TE 706-AVR,swappko
Paročistać S-TEAM 6,swappko
Torbica za more,swappko
Crvena svecana torbica,swappko
Pletena torba,swappko
Iznajmljivanje Jbl zvucnika BESPLATNA DOSTAVA,swappko
Karcher Puzzi 10/1,swappko
Insta 360 x5,swappko
Osmo Poket 3,swappko
GoPro Hero 13 Black,swappko
DRON - DJI Mini 5 Pro,swappko
Canon G7X Mark III,swappko
Iznajmljivanje profesionalnih pikado aparata,swappko
SONY A7 III 35 MM FE org Sony objektiv,swappko
Profesionalna rasveta za snimanje GODOX ML60BI / Softbox / Ringlights / Led stap,swappko
Citroen Jumpy,swappko
Mercedes Vito 8+1 extra long,swappko
Audio guestbook,swappko
Putnički kombi 8+1,swappko
Garsonjera - Vojvode Vladovic Beograd,dajnadan
Prikolica Vesta 25DA,dajnadan
Krovni koferi i krovni nosaci,dajnadan
OBD Eleven 3,dajnadan
Tent Event – Iznajmljivanje opreme za proslave i događaje,dajnadan
Renta skuter za dostavu Wolt Glovo 125cc – Beograd,dajnadan
Stan na dan Niš CENTAR,dajnadan
Rent a car Golf 7,dajnadan
Auto prikolica,dajnadan
Akumulatorska udarna šrafilica Makita DFS 485,dajnadan
Iznajmljivanje torbica,dajnadan
Iznajmljivanje JBL 320 zvucnika,dajnadan
Profesionalna Vibro letva za betoniranje,dajnadan
Najam/Iznajmljivanje Potopna pumpa za nisku vodu,dajnadan
Najam/Iznajmljivanje Motorni duvač lišća,dajnadan
Pumpa za balone - električna,dajnadan
Žirafa Flex WST 700W,dajnadan
Rent a car Hyundai H1 7+1,dajnadan
"Kompresor 24l - Abac Pole Position L20, 1.5kW",dajnadan
28m!!! NAJAM teleskopske DIZALICE 28m,dajnadan
Iznajmi Apartman Hanioti halkidiki,dajnadan
Jbl party box 200,dajnadan
Motorna benzinska kosačica za travu W-BM 500 BS Womax,dajnadan
Malčer za krčenje,dajnadan
Прокат автомобиля на автомате в Суботице - от 1 дня - 30 EUR - RentaCa.rs,dajnadan
"Iznajmljivanje kampera, Ford Challenger 2023.",dajnadan
Najam/Iznajmljivanje Mini bager do 2700kg,dajnadan
ATV Kvad - CFMoto 625,dajnadan
Prikolica za prevoz camaca 1800kg,dajnadan
Barski stolovi iznajmljivanje,dajnadan
Akumulatorska testera Makita DJR 187,dajnadan
"Mašina za čišćenje, poliranje, šmirglanje Columbus E 400|S",dajnadan
Rent a Car,dajnadan
Roze Medaljon stolice,dajnadan
Gliser Gobbi open + Yamaha 100 HP ( fisherman ),dajnadan
AGREGAT: 3kVA - 325kVA,dajnadan
Iznajmljivanje stolnjaka,dajnadan
Cros 125cc 4 brzine,dajnadan
Profi stolovi za stoni fudbal,dajnadan
Aku povratna testera lisičara Hilti WSR 22-A,dajnadan
Prikolica 2.5m rentiram,dajnadan
Najam/Iznajmljivanje Muljna pumpa za vodu do 320l/min,dajnadan
POSUDE ZA ODRŽAVANJE TEMPERATURE HRANE (CHAFING DISH),dajnadan
Izdavanje Ventilatora na vodu Šabac i okolina,dajnadan
Vertikalna lift dizalica,dajnadan
Долгосрочная аренда автомобиля на автомате в Суботице - RentaCa.rs,dajnadan
Aku udarna bušilica Makita DHR 263,dajnadan
Renta makazaste platforme 12m,dajnadan
Sušač vazduha Pro Breeze PB-15-EU,dajnadan
Kompresor Einhell TE-AC 270/50/10,dajnadan
Najam/Iznajmljivanje Motorne makaze za živu ogradu / Trimer,dajnadan
Mašina za farbanje (krečenje) Airless Sprayer,dajnadan
Ugaona brusilica velika Bosch GWS 2200-230,dajnadan
"Iznajmljivanje vozila nova Ford Puma - Subotica, RentaCa.rs",dajnadan
Cirkular Einhell TKK 700/200,dajnadan
Benzinski sekač Stihl TS 800,dajnadan
Iznajmljivanje hladnjaca,dajnadan
Devojačko veče,dajnadan
Šlep prikolica,dajnadan
Renta makazaste DIZALICE 14m,dajnadan
Aksesoari za veridbu,dajnadan
Iznajmljivanje pagoda,dajnadan
Hladnjaca izdavanje,dajnadan
Iznajmljujem predivan splav za odmor i uzivanje,dajnadan
Masina za dubinsko pranje,dajnadan
Aluminijumske trodelne merdevine - 13 gazista,dajnadan
Sony PS5 iznajmljivanje,dajnadan
Led lampa Bosch GLI 18V-10000 C,dajnadan
Pokretna skela 4m,dajnadan
Sony PS5/PS4 Pro,dajnadan
Auto slep prikolica,dajnadan
Najam/Iznajmljivanje Stona testera / sekačica,dajnadan
Iznajmljivanje kalorifera - rentiranje,dajnadan
Jujutsu Kaisen mange na engleskom,dajnadan
JBL party box 320,dajnadan
Električna lančana testera Makita UC3551A,dajnadan
Brusilica Bosch PWS 13-125,dajnadan
Iznajmljujem palicu za avione logitech 3d pro extrem,dajnadan
Akumulatorska bušilica/čekić Makita DHR 241,dajnadan
Iznajmljivanje novih vozila - Subotica - RentaCa.rs,dajnadan
Stoni Tenis Iznajmljivanje,dajnadan
Iznajmljivanje isušivača za vlagu,dajnadan
Vibro ploca 90kg (guma za behaton),dajnadan
Makazasta platforma 8m,dajnadan
Najam/Iznajmljivanje Brusilica za beton,dajnadan
Iznajmljivanje espresso aparata za kafu,dajnadan
Kante za smeće iznajmljivanje,dajnadan
Najam/Iznajmljivanje Štemarica SDS-MAX do 12kg,dajnadan
Iznajmljivanje vozila - Subotica - od 1 dana: 30 EUR,dajnadan
Građevinski podupirači 1-1.8m - najam -izdavanje - renta,dajnadan
Iznajmljivanje Masine za Dubinsko Pranje Gratis Parocistac,dajnadan
Würth produžni kabl dužine 10m,dajnadan
Helikopter za ravnjanje betona 1m – HANMR,dajnadan
"Paviljoni 3x3,3x6",dajnadan
Pokretna skela 6m,dajnadan
Auto prikolica vesta 25,dajnadan
Drvene merdevine,dajnadan
Električna teleskopska testera Black & Decker PS7525,dajnadan
Kamion sa korpom za rad na visini,dajnadan
"Parkside usisivač za dubinsko pranje, iznajmljivanje BG",dajnadan
Trigano 2D250 1T nosivost,dajnadan
Profesionalna oprema za dubinsko pranje,dajnadan
Rent a Car in Subotica - RentaCa.rs,dajnadan
"Dron - Dji Neo 2, za letovanja, događaje, snimanje placeva",dajnadan
Rent a car Škoda Octavia A7,dajnadan
Viljuškar,dajnadan
Stan na dan/mesecno,dajnadan
Akumulatorska ugaona brusilica Würth AWS 18-125 P,dajnadan
Rent a scuter Morbidelli SC125LX,dajnadan
Iznajmljivanje opreme za proslave,dajnadan
Masina za usitnjavanje granja i drveta,dajnadan
Stan na dan Smederevo,dajnadan
"Iznajmljivanje kampera, Fiat Dethleffs 2024.",dajnadan
Rent a motor Keeway XDV 300,dajnadan
Iznajmljivanje kombija,dajnadan
Mašine za isušivanje vlage,dajnadan
Komplet za čišćenje cevi Rems Cobra 22,dajnadan
Iznajmljivanje govornice,dajnadan
Vibro mašina za sabijanje/skakavac Zipper ZI RAM 80C,dajnadan
Ugaona brusilica (velika) Makita GA 9020 R,dajnadan
"Aluminijumska skela, merdevine - LARS 360",dajnadan
Najam/Iznajmljivanje Motorna testera za grane,dajnadan
Busac za rupe u zemlji,dajnadan
"Drveni stolovi i klupe,pivski set",dajnadan
Rent a car Dacia Sandero,dajnadan
Makazasta 8m dizalica,dajnadan
stan na dan centar grada,dajnadan
"Najam/Iznajmljivanje Trofazni agregat 3,3kVA",dajnadan
Industrijski usisivač Festool CT22 E,dajnadan
Iznajmi Skoda Scala Rent a car - Subotica - RentaCa.rs,dajnadan
ATV Kvad rent,dajnadan
Hidraulicni box za korekciju papaka kravama,dajnadan
Slicerica za pravljenje kanala u zidu Toolson Pro MF 1320,dajnadan
Kosilica na daljinski renta,dajnadan
Najam/Iznajmljivanje Vibro letva,dajnadan
Stan na dan,dajnadan
JLG N40 – 14m TELESKOPSKA PLATFORMA,dajnadan
Kombi Opel Vivaro,dajnadan
Pikado Iznajmljivanje,dajnadan
Najam/Iznajmljivanje Monofazni agregat 7kVA,dajnadan
Santorini cross back stolice iznajmljivanje,dajnadan
Mobilne hladnjače,dajnadan
Iznajmljivanje medaljon stolica,dajnadan
RENTA SMART AUTO,dajnadan
Makazasta Skyjack 12m,dajnadan
Masina za pranje podova / Fimap IMX B /najam/renta/izdavanje,dajnadan
"Najam/Iznajmljivanje Trofazni agregat 6,5kVA",dajnadan
Skela iznajmljujem,dajnadan
28M MAKAZASTA platforma 28m,dajnadan
Rent a car Fiat Panda,dajnadan
Iznajmljivanje AKU i Kablastih alata,dajnadan
Aparat za zavarivanje Womax W-MIG/MMA 140,dajnadan
Najam/Iznajmljivanje ugaona hoblerica za parket,dajnadan
Benzinski Trimer DEMON RQ580,dajnadan
Iznajmljivanje pravougaonih stolova,dajnadan
Brennenstuhl motalica – dužina kabla 50m,dajnadan
Kamion sa korpom radna visina do 20 metara,dajnadan
IZNAJMLJIVANJE PRIKOLICE,dajnadan
Suncobran 3x3,dajnadan
Iznajmljivanje stendera garderobera Beograd,dajnadan
Ekscentar brusilica Bosch GEX 34-150,dajnadan
Toplotni pištolj Makita HG5030,dajnadan
Stoni fudbal iznajmljivanje,dajnadan
Šlep prikolica - Bajmok,dajnadan
Lokal za izdavanje 30m2 Šabac,dajnadan
Iznajmljivanje suncobrana,dajnadan
Iznajmljivanje lazy bag-ova,dajnadan
Elektro-pneumatski čekić Bosch GBH 2-28 F; SDS-plus,dajnadan
Najam/Iznajmljivanje Mini bager do 3800kg,dajnadan
Najam/Iznajmljivanje Bušilica,dajnadan
Najam/Iznajmljivanje Električna ručna testera / Cirkular,dajnadan
Barbie kutija za slikanje,dajnadan
Iznajmljivanje CanonG7X iii kamere,dajnadan
Iznajmljivanje aparata za kokice kokičar,dajnadan
Motorni trimer za travu Stihl FS 75,dajnadan
Iznajmljujem bluetooth zvucnik,dajnadan
Potapajuća drenažna pumpa Maxima 300 SX,dajnadan
Vibro ploca 200-250kg,dajnadan
Iznajmljivanje Hladnjaca Šabac i okolina,dajnadan
Suknje korseti venčanice,dajnadan
Iznajmljivanje bine,dajnadan
Građevinski podupirači 2-3.6m - najam -izdavanje - renta,dajnadan
Najam/Iznajmljivanje Električno rende/hoblerica 110mm,dajnadan
The crew 2 igrica za Ps4,dajnadan
Najam alu skele,dajnadan
Najam/Iznajmljivanje Vibro igla (220V),dajnadan
Iznajmljivanje paviljona easy-up šatora,dajnadan
Najam prikolice za prevoz automobila,dajnadan
Vibro ploca Bomag 120kg,dajnadan
Akumulatorski zabijač za eksere Senco FN55AX,dajnadan
Kamion sa korpom 20m,dajnadan
Ubodna testera Makita 4351FCT,dajnadan
Aksesoari za devojačko veče,dajnadan
Kamion sa korpom radna visina do 26 metara,dajnadan
Rentiram kombi cirada,dajnadan
Iznajmljivanje automobila Subotica - RentaCa.rs,dajnadan
Iznajmljivanje Kombi Vozila,dajnadan
Wacker PG 2 – najam - profesionalna pumpa za vodu,dajnadan
Racing simulator iznajmljivanje,dajnadan
Najam/Iznajmljivanje Bušilica za zemlju,dajnadan
Najam/Iznajmljivanje Potopna drenažna pumpa za vodu do 1000l,dajnadan
Reverzibilna vibro mašina za sabijanje - Husqvarna LG 164,dajnadan
Najam/Iznajmljivanje Trofazni agregat 15kVA,dajnadan
Poluprofesionalni trimer za živu ogradu Stihl HS 56C,dajnadan
Elektro-pneumatski čekić za štemovanje Bosch GSH 27 VC; šestostrani prihvat 28mm,dajnadan
